Total Positive Comparisons	True  Positive Comparisons	False Positive Comparisons	False Positives List	Total Negative Comparisons	True  Negative Comparisons	False Negative Comparisons	False Negatives List
25	21	16	[2786;Q80X71~2714;P97797, 2415;O08532-4~2461;P02468, 41;P02771~1011;P12821, 1011;P12821~227;P01877, 2592;Q80UG2~2402;P43406, 568;O15389~1011;P12821, 427;P10522~601;P01217, 677;P05090~20;P01009, 433;Q62765~2714;P97797, 2954;Q712V9~765;P01854, 2714;P97797~2415;O08532-4, 1635;O60568~1538;Q96NY8, 475;P01012~227;P01877, 2961;P0DOX2~750;P05543, 320;P02788~759;P10909, 2966;P01876~2964;P0DOX5]	20	4	4	[475;P01012~479;P01005, 2162;Q9DB72~100;P12263, 2479;Q61735~2461;P02468, 227;P01877~568;O15389]
True Positive Rate	True Negative Rate	Positive Predictive Value	Negative Predictive Value	False Discovery Rate	False Negative Rate	False Positive Rate	False Omission Rate	Matthews Correlation Coefficient (MCC)
0.84	0.2	0.5675675675675675	0.5	0.43243243243243246	0.16	0.8	0.5	0.051987524491003634
